-- phpMyAdmin SQL Dump
-- version 5.2.1
-- https://www.phpmyadmin.net/
--
-- Host: 127.0.0.1
-- Generation Time: Mar 10, 2024 at 05:48 PM
-- Server version: 10.4.32-MariaDB
-- PHP Version: 8.2.12

SET SQL_MODE = "NO_AUTO_VALUE_ON_ZERO";
START TRANSACTION;
SET time_zone = "+00:00";


/*!40101 SET @OLD_CHARACTER_SET_CLIENT=@@CHARACTER_SET_CLIENT */;
/*!40101 SET @OLD_CHARACTER_SET_RESULTS=@@CHARACTER_SET_RESULTS */;
/*!40101 SET @OLD_COLLATION_CONNECTION=@@COLLATION_CONNECTION */;
/*!40101 SET NAMES utf8mb4 */;

--
-- Database: `movie_booking`
--

DELIMITER $$
--
-- Procedures
--
CREATE DEFINER=`root`@`localhost` PROCEDURE `movie_rec` (IN `umovieId` VARCHAR(255))   BEGIN
DECLARE var_mid VARCHAR(255);
DECLARE var_mname VARCHAR(255);
DECLARE var_score VARCHAR(255);
DECLARE var_m_mname VARCHAR(255);
DECLARE temp VARCHAR(255);
DECLARE varMaxi FLOAT DEFAULT 0.0;

DECLARE exit_loop BOOLEAN DEFAULT FALSE;
    
DECLARE cusCur CURSOR FOR (SELECT m1.movieId, r1.recommendation, r1.score
FROM movie m1 JOIN recommendation r1 USING(movieId)
WHERE m1.movieId = umovieId AND r1.score < (SELECT MAX(r2.score) FROM movie m2 JOIN recommendation r2 USING(movieId) WHERE r2.movieId = m1.movieId)
);

DECLARE CONTINUE HANDLER FOR NOT FOUND SET exit_loop = TRUE;

DROP TABLE IF EXISTS NewTable;
    
CREATE TABLE NewTable(
        movieId VARCHAR(255),
        movieName VARCHAR(255),
        score FLOAT
);

OPEN cusCur;
    
cloop: LOOP
        
FETCH cusCur INTO var_mid, var_mname, var_score;

IF (exit_loop) THEN
LEAVE cloop;
END IF;

IF (var_score > varMaxi) THEN
SET varMaxi = var_score;
SET var_m_mname = var_mname;
END IF;

END LOOP cloop;
    
CLOSE cusCur;
INSERT INTO NewTable VALUES (umovieId,  var_m_mname, varMaxi);
SELECT * FROM NewTable;
END$$

DELIMITER ;

-- --------------------------------------------------------

--
-- Table structure for table `admin`
--

CREATE TABLE `admin` (
  `username` varchar(32) NOT NULL,
  `adminId` int(11) NOT NULL,
  `joiningDate` date NOT NULL
) ENGINE=InnoDB DEFAULT CHARSET=utf8mb4 COLLATE=utf8mb4_general_ci;

--
-- Dumping data for table `admin`
--

INSERT INTO `admin` (`username`, `adminId`, `joiningDate`) VALUES
('admin', 0, '2024-03-10');

-- --------------------------------------------------------

--
-- Table structure for table `booking`
--

CREATE TABLE `booking` (
  `bookingId` int(11) NOT NULL,
  `username` varchar(32) NOT NULL,
  `timestamp` datetime NOT NULL,
  `showId` int(11) NOT NULL
) ENGINE=InnoDB DEFAULT CHARSET=utf8mb4 COLLATE=utf8mb4_general_ci;

--
-- Dumping data for table `booking`
--

INSERT INTO `booking` (`bookingId`, `username`, `timestamp`, `showId`) VALUES
(0, 'kamal', '2024-03-10 00:00:00', 1),
(1, 'kanthi', '2024-03-10 00:00:00', 1),
(2, 'purna', '2024-03-10 00:00:00', 1),
(3, 'kanthi', '2024-03-10 00:00:00', 2),
(4, 'kamal', '2024-03-10 00:00:00', 2),
(5, 'purna', '2024-03-10 00:00:00', 2),
(6, 'oshada', '2024-03-10 00:00:00', 2),
(7, 'kanthi', '2024-03-10 00:00:00', 3),
(8, 'kamal', '2024-03-10 00:00:00', 3),
(9, 'purna', '2024-03-10 00:00:00', 3),
(10, 'oshada', '2024-03-10 00:00:00', 3),
(11, 'kanthi', '2024-03-10 00:00:00', 3),
(12, 'kamal', '2024-03-10 00:00:00', 3),
(13, 'purna', '2024-03-10 00:00:00', 3),
(14, 'oshada', '2024-03-10 00:00:00', 3),
(15, 'kanthi', '2024-03-10 00:00:00', 3),
(16, 'kamal', '2024-03-10 00:00:00', 3),
(17, 'purna', '2024-03-10 00:00:00', 3),
(18, 'oshada', '2024-03-10 00:00:00', 3),
(19, 'kanthi', '2024-03-10 00:00:00', 3),
(20, 'kamal', '2024-03-10 00:00:00', 3),
(21, 'purna', '2024-03-10 00:00:00', 3),
(22, 'oshada', '2024-03-10 00:00:00', 3),
(23, 'kanthi', '2024-03-10 00:00:00', 13),
(24, 'kamal', '2024-03-10 00:00:00', 13),
(25, 'purna', '2024-03-10 00:00:00', 13),
(26, 'oshada', '2024-03-10 00:00:00', 13),
(27, 'kanthi', '2024-03-10 00:00:00', 13),
(28, 'kamal', '2024-03-10 00:00:00', 13),
(29, 'purna', '2024-03-10 00:00:00', 13),
(30, 'oshada', '2024-03-10 00:00:00', 13),
(31, 'kanthi', '2024-03-10 00:00:00', 13),
(32, 'kanthi', '2024-03-10 00:00:00', 20),
(33, 'kamal', '2024-03-10 00:00:00', 20),
(34, 'purna', '2024-03-10 00:00:00', 20),
(35, 'oshada', '2024-03-10 00:00:00', 20),
(36, 'kanthi', '2024-03-10 00:00:00', 15),
(37, 'kamal', '2024-03-10 00:00:00', 15),
(38, 'purna', '2024-03-10 00:00:00', 15),
(39, 'oshada', '2024-03-10 00:00:00', 15),
(40, 'kanthi', '2024-03-10 00:00:00', 15),
(41, 'kanthi', '2024-03-10 00:00:00', 4),
(42, 'kamal', '2024-03-10 00:00:00', 4),
(43, 'purna', '2024-03-10 00:00:00', 5),
(44, 'oshada', '2024-03-10 00:00:00', 5),
(45, 'kanthi', '2024-03-10 00:00:00', 6),
(46, 'kamal', '2024-03-10 00:00:00', 6),
(47, 'purna', '2024-03-10 00:00:00', 7),
(48, 'oshada', '2024-03-10 00:00:00', 7),
(49, 'kanthi', '2024-03-10 00:00:00', 8),
(50, 'kanthi', '2024-03-10 00:00:00', 8),
(51, 'kamal', '2024-03-10 00:00:00', 9),
(52, 'purna', '2024-03-10 00:00:00', 9),
(53, 'oshada', '2024-03-10 00:00:00', 10),
(54, 'kanthi', '2024-03-10 00:00:00', 10),
(55, 'kamal', '2024-03-10 00:00:00', 11),
(56, 'purna', '2024-03-10 00:00:00', 11),
(57, 'oshada', '2024-03-10 00:00:00', 12),
(58, 'kanthi', '2024-03-10 00:00:00', 12),
(59, 'kanthi', '2024-03-10 00:00:00', 14),
(60, 'kamal', '2024-03-10 00:00:00', 14),
(61, 'purna', '2024-03-10 00:00:00', 16),
(62, 'oshada', '2024-03-10 00:00:00', 16),
(63, 'kanthi', '2024-03-10 00:00:00', 17),
(64, 'kamal', '2024-03-10 00:00:00', 17),
(65, 'purna', '2024-03-10 00:00:00', 18),
(66, 'oshada', '2024-03-10 00:00:00', 18),
(67, 'kanthi', '2024-03-10 00:00:00', 19),
(68, 'kanthi', '2024-03-10 00:00:00', 19),
(69, 'kamal', '2024-03-10 00:00:00', 21),
(70, 'purna', '2024-03-10 00:00:00', 21),
(71, 'oshada', '2024-03-10 00:00:00', 22),
(72, 'kanthi', '2024-03-10 00:00:00', 22),
(73, 'kamal', '2024-03-10 00:00:00', 23),
(74, 'purna', '2024-03-10 00:00:00', 24),
(75, 'oshada', '2024-03-10 00:00:00', 25),
(76, 'kanthi', '2024-03-10 00:00:00', 26),
(77, 'kanthi', '2024-03-10 00:00:00', 27),
(78, 'kamal', '2024-03-10 00:00:00', 28),
(79, 'purna', '2024-03-10 00:00:00', 28),
(80, 'oshada', '2024-03-10 00:00:00', 29),
(81, 'kanthi', '2024-03-10 00:00:00', 29),
(82, 'kamal', '2024-03-10 00:00:00', 30),
(83, 'purna', '2024-03-10 00:00:00', 30),
(84, 'oshada', '2024-03-10 00:00:00', 30),
(85, 'kanthi', '2024-03-10 00:00:00', 30),
(86, 'kanthi', '2024-03-10 00:00:00', 31),
(87, 'kamal', '2024-03-10 00:00:00', 32),
(88, 'purna', '2024-03-10 00:00:00', 33),
(89, 'oshada', '2024-03-10 00:00:00', 33),
(90, 'kanthi', '2024-03-10 00:00:00', 34),
(91, 'kamal', '2024-03-10 00:00:00', 34),
(92, 'purna', '2024-03-10 00:00:00', 35),
(93, 'oshada', '2024-03-10 00:00:00', 35),
(94, 'kanthi', '2024-03-10 00:00:00', 36),
(95, 'kanthi', '2024-03-10 00:00:00', 36),
(96, 'kamal', '2024-03-10 00:00:00', 37),
(97, 'purna', '2024-03-10 00:00:00', 37),
(98, 'oshada', '2024-03-10 00:00:00', 38),
(99, 'kanthi', '2024-03-10 00:00:00', 39),
(100, 'kamal', '2024-03-10 00:00:00', 39),
(101, 'purna', '2024-03-10 00:00:00', 40),
(102, 'oshada', '2024-03-10 00:00:00', 59),
(103, 'kanthi', '2024-03-10 00:00:00', 41),
(104, 'kanthi', '2024-03-10 00:00:00', 41),
(105, 'kamal', '2024-03-10 00:00:00', 42),
(106, 'purna', '2024-03-10 00:00:00', 42),
(107, 'oshada', '2024-03-10 00:00:00', 43),
(108, 'kanthi', '2024-03-10 00:00:00', 60),
(109, 'kamal', '2024-03-10 00:00:00', 44),
(110, 'purna', '2024-03-10 00:00:00', 44),
(111, 'oshada', '2024-03-10 00:00:00', 45),
(112, 'kanthi', '2024-03-10 00:00:00', 45),
(113, 'kanthi', '2024-03-10 00:00:00', 46),
(114, 'kamal', '2024-03-10 00:00:00', 46),
(115, 'purna', '2024-03-10 00:00:00', 47),
(116, 'oshada', '2024-03-10 00:00:00', 47),
(117, 'kanthi', '2024-03-10 00:00:00', 48),
(118, 'kamal', '2024-03-10 00:00:00', 48),
(119, 'purna', '2024-03-10 00:00:00', 49),
(120, 'oshada', '2024-03-10 00:00:00', 49),
(121, 'kanthi', '2024-03-10 00:00:00', 50),
(122, 'kanthi', '2024-03-10 00:00:00', 50),
(123, 'kamal', '2024-03-10 00:00:00', 51),
(124, 'purna', '2024-03-10 00:00:00', 51),
(125, 'oshada', '2024-03-10 00:00:00', 52),
(126, 'kanthi', '2024-03-10 00:00:00', 53),
(127, 'kamal', '2024-03-10 00:00:00', 54),
(128, 'purna', '2024-03-10 00:00:00', 55),
(129, 'oshada', '2024-03-10 00:00:00', 56),
(130, 'kanthi', '2024-03-10 00:00:00', 57),
(133, 'kamal', '0000-00-00 00:00:00', 29),
(135, 'purna', '0000-00-00 00:00:00', 25);

-- --------------------------------------------------------

--
-- Table structure for table `movie`
--

CREATE TABLE `movie` (
  `movieId` varchar(32) NOT NULL,
  `movieName` varchar(150) NOT NULL,
  `description` varchar(1024) NOT NULL,
  `releaseDate` date NOT NULL,
  `adminId` int(11) NOT NULL,
  `poster` blob NOT NULL
) ENGINE=InnoDB DEFAULT CHARSET=utf8mb4 COLLATE=utf8mb4_general_ci;

--
-- Dumping data for table `movie`
--

INSERT INTO `movie` (`movieId`, `movieName`, `description`, `releaseDate`, `adminId`, `poster`) VALUES
('m/100-12_Angry_Men_(Twelve_Angry', '12 Angry Men (Twelve Angry Men)', 'Following the closing arguments in a murder trial, the 12 members of the jury must deliberate, with a guilty verdict meaning death for the accused, an inner-city teen. As the dozen men try to reach a unanimous decision while sequestered in a room, one juror (Henry Fonda) casts considerable doubt on elements of the case. Personal issues soon rise to the surface, and conflict threatens to derail the delicate process that will decide one boy\\\'s fate.', '2024-03-28', 0, 0x696d616765732f31322e6a7067),
('m/100-3:10_to_Yuma', '3:10 to Yuma', 'Dan Evans (Van Heflin), a drought-plagued Arizona rancher, volunteers to take captured stagecoach robber and murderer Ben Wade (Glenn Ford) from Bisbee to Contention City, where the criminal will be put aboard the 3:10 train to Yuma for his trial. Accompanied only by the town drunk, Alex Potter (Henry Jones), Dan battles Wade\\\'s henchman (Richard Jaeckel), the murder victim\\\'s revenge-minded brother, and the temptation of the large bribe Wade offers in exchange for his freedom.', '2024-03-01', 0, 0x696d616765732f33312e6a7067),
('m/100-Abraham_Lincoln', 'Abraham Lincoln', 'The 16th U.S. president (Walter Huston) is portrayed as a lawyer, orator, husband and Civil War commander', '2024-02-27', 0, 0x696d616765732f6162726168616d2e6a7067),
('m/100-Ant_Man_and_the_Wasp:_Quan', 'Ant Man and the Wasp: Quantamania', 'Ant-Man and the Wasp: Quantumania is an upcoming American superhero film based on Marvel Comics featuring the characters Scott Lang / Ant-Man and Hope Pym / Wasp.', '2024-03-24', 0, 0x696d616765732f616e74332e6a7067),
('m/100-Avatar:_The_Way_of_Water', 'Avatar: The Way of Water', 'Jake Sully and Ney\\\'tiri have formed a family and are doing everything to stay together. However, they must leave their home and explore the regions of Pandora. When an ancient threat resurfaces, Jake must fight a difficult war against the humans.', '2024-03-25', 0, 0x696d616765732f617661746172322e6a7067),
('m/100-Black_Adam', 'Black Adam', 'In ancient Kahndaq, Teth Adam was bestowed the almighty powers of the gods. After using these powers for vengeance, he was imprisoned, becoming Black Adam. Nearly 5,000 years have passed, and Black Adam has gone from man to myth to legend. Now free, his unique form of justice, born out of rage, is challenged by modern-day heroes who form the Justice Society: Hawkman, Dr. Fate, Atom Smasher and Cyclone.', '2024-03-27', 0, 0x696d616765732f626c61636b5f6164616d2e6a7067),
('m/100-Black_Panther:_Wakanda_For', 'Black Panther: Wakanda Forever', 'Queen Ramonda, Shuri, M\\\'Baku, Okoye and the Dora Milaje fight to protect their nation from intervening world powers in the wake of King T\\\'Challa\\\'s death. As the Wakandans strive to embrace their next chapter, the heroes must band together with Nakia and Everett Ross to forge a new path for their beloved kingdom.', '2024-03-26', 0, 0x696d616765732f6270322e6a7067),
('m/100-Charly_(A_Heartbeat_Away)', 'Charly (A Heartbeat Away)', 'Cultural differences, past loves and personal crises threaten the emerging romance between a free spirit (Heather Beers) and her conventional beau (Jeremy Elliott).', '2024-02-28', 0, 0x696d616765732f436861726c792e6a7067),
('m/100-Dark_Water', 'Dark Water', 'In this moody Japanese horror film, newly-single mom Yoshimi Matsubara (Hitomi Kuroki) is enduring a bitter divorce and struggling to keep custody of her young daughter, Ikuko (Rio Kanno). As the unstable Yoshimi tries to make a fresh start in a new apartment, strange occurrences in the building gradually begin to take their toll. When Yoshimi and Ikuko both start seeing unsettling visions of a ghostly little girl, it\\\'s clear that they\\\'re being drawn toward the supernatural.', '2024-02-25', 0, 0x696d616765732f4461726b7761746572706f737465722e6a7067),
('m/100-The_Accused', 'The Accused', 'Out drinking one night after a fight with her boyfriend, Sarah Tobias (Jodie Foster) is brutally raped by three men in a bar while people watch and cheer. District Attorney Kathryn Murphy (Kelly McGillis) takes the case, however allows the rapists to receive a mild sentence. A distraught Sarah decides to seek punishment for the men who witnessed and encouraged the rape. To get justice, Sarah must take the stand and revisit the night of her attack in this drama based on true events.', '2024-03-30', 0, 0x696d616765732f616363757365642e6a7067);

-- --------------------------------------------------------

--
-- Table structure for table `newtable`
--

CREATE TABLE `newtable` (
  `movieId` varchar(255) DEFAULT NULL,
  `movieName` varchar(255) DEFAULT NULL,
  `score` float DEFAULT NULL
) ENGINE=InnoDB DEFAULT CHARSET=utf8mb4 COLLATE=utf8mb4_general_ci;

--
-- Dumping data for table `newtable`
--

INSERT INTO `newtable` (`movieId`, `movieName`, `score`) VALUES
('m/100-Abraham_Lincoln', 'm/100-The_Accused', 0.0745877);

-- --------------------------------------------------------

--
-- Table structure for table `recommendation`
--

CREATE TABLE `recommendation` (
  `movieId` varchar(255) NOT NULL,
  `recommendation` varchar(255) NOT NULL,
  `score` float NOT NULL
) ENGINE=InnoDB DEFAULT CHARSET=utf8mb4 COLLATE=utf8mb4_general_ci;

--
-- Dumping data for table `recommendation`
--

INSERT INTO `recommendation` (`movieId`, `recommendation`, `score`) VALUES
('m/100-Black_Adam', 'm/100-Ant_Man_and_the_Wasp:_Quan', 0.0967691),
('m/100-Black_Adam', 'm/100-3:10_to_Yuma', 0.085765),
('m/100-Black_Adam', 'm/100-Avatar:_The_Way_of_Water', 0.0790295),
('m/100-Black_Adam', 'm/100-Black_Panther:_Wakanda_For', 0.0782179),
('m/100-Ant_Man_and_the_Wasp:_Quan', 'm/100-Black_Adam', 0.112149),
('m/100-Ant_Man_and_the_Wasp:_Quan', 'm/100-3:10_to_Yuma', 0.11174),
('m/100-Ant_Man_and_the_Wasp:_Quan', 'm/100-Avatar:_The_Way_of_Water', 0.11007),
('m/100-Ant_Man_and_the_Wasp:_Quan', 'm/100-Black_Panther:_Wakanda_For', 0.104466),
('m/100-3:10_to_Yuma', 'm/100-Black_Adam', 0.147099),
('m/100-3:10_to_Yuma', 'm/100-Ant_Man_and_the_Wasp:_Quan', 0.121858),
('m/100-3:10_to_Yuma', 'm/100-Avatar:_The_Way_of_Water', 0.106528),
('m/100-3:10_to_Yuma', 'm/100-Black_Panther:_Wakanda_For', 0.105721),
('m/100-Avatar:_The_Way_of_Water', 'm/100-Black_Adam', 0.10062),
('m/100-Avatar:_The_Way_of_Water', 'm/100-Ant_Man_and_the_Wasp:_Quan', 0.149963),
('m/100-Avatar:_The_Way_of_Water', 'm/100-3:10_to_Yuma', 0.117189),
('m/100-Avatar:_The_Way_of_Water', 'm/100-Black_Panther:_Wakanda_For', 0.0914509),
('m/100-Black_Panther:_Wakanda_For', 'm/100-Black_Adam', 0.0753164),
('m/100-Black_Panther:_Wakanda_For', 'm/100-Ant_Man_and_the_Wasp:_Quan', 0.0729741),
('m/100-Black_Panther:_Wakanda_For', 'm/100-3:10_to_Yuma', 0.100988),
('m/100-Black_Panther:_Wakanda_For', 'm/100-Avatar:_The_Way_of_Water', 0.0952845),
('m/100-The_Accused', 'm/100-Abraham_Lincoln', 0.0823804),
('m/100-The_Accused', 'm/100-12_Angry_Men_(Twelve_Angry', 0.0800199),
('m/100-Abraham_Lincoln', 'm/100-The_Accused', 0.0745877),
('m/100-Abraham_Lincoln', 'm/100-12_Angry_Men_(Twelve_Angry', 0.101755),
('m/100-12_Angry_Men_(Twelve_Angry', 'm/100-The_Accused', 0.138225),
('m/100-12_Angry_Men_(Twelve_Angry', 'm/100-Abraham_Lincoln', 0.0976844),
('m/100-Dark_Water', 'm/100-Charly_(A_Heartbeat_Away)', 0.164872),
('m/100-Charly_(A_Heartbeat_Away)', 'm/100-Dark_Water', 0.196329);

-- --------------------------------------------------------

--
-- Table structure for table `seat`
--

CREATE TABLE `seat` (
  `seatId` int(11) NOT NULL,
  `bookingId` int(11) NOT NULL,
  `showId` int(11) NOT NULL,
  `availability` tinyint(1) NOT NULL
) ENGINE=InnoDB DEFAULT CHARSET=utf8mb4 COLLATE=utf8mb4_general_ci;

--
-- Dumping data for table `seat`
--

INSERT INTO `seat` (`seatId`, `bookingId`, `showId`, `availability`) VALUES
(1, 0, 0, 1),
(1, 0, 1, 1),
(1, 0, 2, 1),
(1, 0, 3, 1),
(1, 0, 4, 1),
(1, 0, 5, 1),
(1, 0, 6, 1),
(1, 0, 7, 1),
(1, 0, 8, 1),
(1, 0, 9, 1),
(1, 0, 10, 1),
(1, 0, 11, 1),
(1, 0, 12, 1),
(1, 0, 13, 1),
(1, 0, 14, 1),
(1, 0, 15, 1),
(1, 0, 16, 1),
(1, 0, 17, 1),
(1, 0, 18, 1),
(1, 0, 19, 1),
(1, 0, 20, 1),
(1, 0, 21, 1),
(1, 0, 22, 1),
(1, 0, 23, 1),
(1, 0, 24, 1),
(1, 0, 25, 1),
(1, 0, 26, 1),
(1, 0, 27, 1),
(1, 0, 28, 1),
(1, 0, 29, 1),
(1, 0, 30, 1),
(1, 0, 31, 1),
(1, 0, 32, 1),
(1, 0, 33, 1),
(1, 0, 34, 1),
(1, 0, 35, 1),
(1, 0, 36, 1),
(1, 0, 37, 1),
(1, 0, 38, 1),
(1, 0, 39, 1),
(1, 0, 40, 1),
(1, 0, 41, 1),
(1, 0, 42, 1),
(1, 0, 43, 1),
(1, 0, 44, 1),
(1, 0, 45, 1),
(1, 0, 46, 1),
(1, 0, 47, 1),
(1, 0, 48, 1),
(1, 0, 49, 1),
(1, 0, 50, 1),
(1, 0, 51, 1),
(1, 0, 52, 1),
(1, 0, 53, 1),
(1, 0, 54, 1),
(1, 0, 55, 1),
(1, 0, 56, 1),
(1, 0, 57, 1),
(1, 0, 58, 1),
(1, 0, 59, 1),
(1, 0, 60, 1),
(2, 0, 0, 1),
(2, 0, 1, 1),
(2, 0, 2, 1),
(2, 0, 3, 1),
(2, 0, 4, 1),
(2, 0, 5, 1),
(2, 0, 6, 1),
(2, 0, 7, 1),
(2, 0, 8, 1),
(2, 0, 9, 1),
(2, 0, 10, 1),
(2, 0, 11, 1),
(2, 0, 12, 1),
(2, 0, 13, 1),
(2, 0, 14, 1),
(2, 0, 15, 1),
(2, 0, 16, 1),
(2, 0, 17, 1),
(2, 0, 18, 1),
(2, 0, 19, 1),
(2, 0, 20, 1),
(2, 0, 21, 1),
(2, 0, 22, 1),
(2, 0, 23, 1),
(2, 0, 24, 1),
(2, 0, 25, 1),
(2, 0, 26, 1),
(2, 0, 27, 1),
(2, 0, 28, 1),
(2, 0, 29, 1),
(2, 0, 30, 1),
(2, 0, 31, 1),
(2, 0, 32, 1),
(2, 0, 33, 1),
(2, 0, 34, 1),
(2, 0, 35, 1),
(2, 0, 36, 1),
(2, 0, 37, 1),
(2, 0, 38, 1),
(2, 0, 39, 1),
(2, 0, 40, 1),
(2, 0, 41, 1),
(2, 0, 42, 1),
(2, 0, 43, 1),
(2, 0, 44, 1),
(2, 0, 45, 1),
(2, 0, 46, 1),
(2, 0, 47, 1),
(2, 0, 48, 1),
(2, 0, 49, 1),
(2, 0, 50, 1),
(2, 0, 51, 1),
(2, 0, 52, 1),
(2, 0, 53, 1),
(2, 0, 54, 1),
(2, 0, 55, 1),
(2, 0, 56, 1),
(2, 0, 57, 1),
(2, 0, 58, 1),
(2, 0, 59, 1),
(2, 0, 60, 1),
(3, 0, 0, 1),
(3, 0, 1, 1),
(3, 0, 2, 1),
(3, 0, 3, 1),
(3, 0, 4, 1),
(3, 0, 5, 1),
(3, 0, 6, 1),
(3, 0, 7, 1),
(3, 0, 8, 1),
(3, 0, 9, 1),
(3, 0, 10, 1),
(3, 0, 11, 1),
(3, 0, 12, 1),
(3, 0, 13, 1),
(3, 0, 14, 1),
(3, 0, 15, 1),
(3, 0, 16, 1),
(3, 0, 17, 1),
(3, 0, 18, 1),
(3, 0, 19, 1),
(3, 0, 20, 1),
(3, 0, 21, 1),
(3, 0, 22, 1),
(3, 0, 23, 1),
(3, 0, 24, 1),
(3, 0, 25, 1),
(3, 0, 26, 1),
(3, 0, 27, 1),
(3, 0, 28, 1),
(3, 0, 29, 1),
(3, 0, 30, 1),
(3, 0, 31, 1),
(3, 0, 32, 1),
(3, 0, 33, 1),
(3, 0, 34, 1),
(3, 0, 35, 1),
(3, 0, 36, 1),
(3, 0, 37, 1),
(3, 0, 38, 1),
(3, 0, 39, 1),
(3, 0, 40, 1),
(3, 0, 41, 1),
(3, 0, 42, 1),
(3, 0, 43, 1),
(3, 0, 44, 1),
(3, 0, 45, 1),
(3, 0, 46, 1),
(3, 0, 47, 1),
(3, 0, 48, 1),
(3, 0, 49, 1),
(3, 0, 50, 1),
(3, 0, 51, 1),
(3, 0, 52, 1),
(3, 0, 53, 1),
(3, 0, 54, 1),
(3, 0, 55, 1),
(3, 0, 56, 1),
(3, 0, 57, 1),
(3, 0, 58, 1),
(3, 0, 59, 1),
(3, 0, 60, 1),
(4, 0, 0, 1),
(4, 0, 1, 1),
(4, 0, 2, 1),
(4, 0, 3, 1),
(4, 0, 4, 1),
(4, 0, 5, 1),
(4, 0, 6, 1),
(4, 0, 7, 1),
(4, 0, 8, 1),
(4, 0, 9, 1),
(4, 0, 10, 1),
(4, 0, 11, 1),
(4, 0, 12, 1),
(4, 0, 13, 1),
(4, 0, 14, 1),
(4, 0, 15, 1),
(4, 0, 16, 1),
(4, 0, 17, 1),
(4, 0, 18, 1),
(4, 0, 19, 1),
(4, 0, 20, 1),
(4, 0, 21, 1),
(4, 0, 22, 1),
(4, 0, 23, 1),
(4, 0, 24, 1),
(4, 0, 25, 1),
(4, 0, 26, 1),
(4, 0, 27, 1),
(4, 0, 28, 1),
(4, 0, 29, 1),
(4, 0, 30, 1),
(4, 0, 31, 1),
(4, 0, 32, 1),
(4, 0, 33, 1),
(4, 0, 34, 1),
(4, 0, 35, 1),
(4, 0, 36, 1),
(4, 0, 37, 1),
(4, 0, 38, 1),
(4, 0, 39, 1),
(4, 0, 40, 1),
(4, 0, 41, 1),
(4, 0, 42, 1),
(4, 0, 43, 1),
(4, 0, 44, 1),
(4, 0, 45, 1),
(4, 0, 46, 1),
(4, 0, 47, 1),
(4, 0, 48, 1),
(4, 0, 49, 1),
(4, 0, 50, 1),
(4, 0, 51, 1),
(4, 0, 52, 1),
(4, 0, 53, 1),
(4, 0, 54, 1),
(4, 0, 55, 1),
(4, 0, 56, 1),
(4, 0, 57, 1),
(4, 0, 58, 1),
(4, 0, 59, 1),
(4, 0, 60, 1),
(5, 0, 0, 1),
(5, 0, 1, 1),
(5, 0, 2, 1),
(5, 0, 3, 1),
(5, 0, 4, 1),
(5, 0, 5, 1),
(5, 0, 6, 1),
(5, 0, 7, 1),
(5, 0, 8, 1),
(5, 0, 9, 1),
(5, 0, 10, 1),
(5, 0, 11, 1),
(5, 0, 12, 1),
(5, 0, 13, 1),
(5, 0, 14, 1),
(5, 0, 15, 1),
(5, 0, 16, 1),
(5, 0, 17, 1),
(5, 0, 18, 1),
(5, 0, 19, 1),
(5, 0, 20, 1),
(5, 0, 21, 1),
(5, 0, 22, 1),
(5, 0, 23, 1),
(5, 0, 24, 1),
(5, 0, 25, 1),
(5, 0, 26, 1),
(5, 0, 27, 1),
(5, 0, 28, 1),
(5, 0, 29, 1),
(5, 0, 30, 1),
(5, 0, 31, 1),
(5, 0, 32, 1),
(5, 0, 33, 1),
(5, 0, 34, 1),
(5, 0, 35, 1),
(5, 0, 36, 1),
(5, 0, 37, 1),
(5, 0, 38, 1),
(5, 0, 39, 1),
(5, 0, 40, 1),
(5, 0, 41, 1),
(5, 0, 42, 1),
(5, 0, 43, 1),
(5, 0, 44, 1),
(5, 0, 45, 1),
(5, 0, 46, 1),
(5, 0, 47, 1),
(5, 0, 48, 1),
(5, 0, 49, 1),
(5, 0, 50, 1),
(5, 0, 51, 1),
(5, 0, 52, 1),
(5, 0, 53, 1),
(5, 0, 54, 1),
(5, 0, 55, 1),
(5, 0, 56, 1),
(5, 0, 57, 1),
(5, 0, 58, 1),
(5, 0, 59, 1),
(5, 0, 60, 1),
(6, 0, 0, 1),
(6, 0, 1, 1),
(6, 0, 2, 1),
(6, 0, 3, 1),
(6, 0, 4, 1),
(6, 0, 5, 1),
(6, 0, 6, 1),
(6, 0, 7, 1),
(6, 0, 8, 1),
(6, 0, 9, 1),
(6, 0, 10, 1),
(6, 0, 11, 1),
(6, 0, 12, 1),
(6, 0, 13, 1),
(6, 0, 14, 1),
(6, 0, 15, 1),
(6, 0, 16, 1),
(6, 0, 17, 1),
(6, 0, 18, 1),
(6, 0, 19, 1),
(6, 0, 20, 1),
(6, 0, 21, 1),
(6, 0, 22, 1),
(6, 0, 23, 1),
(6, 0, 24, 1),
(6, 0, 25, 1),
(6, 0, 26, 1),
(6, 0, 27, 1),
(6, 0, 28, 1),
(6, 133, 29, 0),
(6, 0, 30, 1),
(6, 0, 31, 1),
(6, 0, 32, 1),
(6, 0, 33, 1),
(6, 0, 34, 1),
(6, 0, 35, 1),
(6, 0, 36, 1),
(6, 0, 37, 1),
(6, 0, 38, 1),
(6, 0, 39, 1),
(6, 0, 40, 1),
(6, 0, 41, 1),
(6, 0, 42, 1),
(6, 0, 43, 1),
(6, 0, 44, 1),
(6, 0, 45, 1),
(6, 0, 46, 1),
(6, 0, 47, 1),
(6, 0, 48, 1),
(6, 0, 49, 1),
(6, 0, 50, 1),
(6, 0, 51, 1),
(6, 0, 52, 1),
(6, 0, 53, 1),
(6, 0, 54, 1),
(6, 0, 55, 1),
(6, 0, 56, 1),
(6, 0, 57, 1),
(6, 0, 58, 1),
(6, 0, 59, 1),
(6, 0, 60, 1),
(7, 0, 0, 1),
(7, 0, 1, 1),
(7, 0, 2, 1),
(7, 0, 3, 1),
(7, 0, 4, 1),
(7, 0, 5, 1),
(7, 0, 6, 1),
(7, 0, 7, 1),
(7, 0, 8, 1),
(7, 0, 9, 1),
(7, 0, 10, 1),
(7, 0, 11, 1),
(7, 0, 12, 1),
(7, 0, 13, 1),
(7, 0, 14, 1),
(7, 0, 15, 1),
(7, 0, 16, 1),
(7, 0, 17, 1),
(7, 0, 18, 1),
(7, 0, 19, 1),
(7, 0, 20, 1),
(7, 0, 21, 1),
(7, 0, 22, 1),
(7, 0, 23, 1),
(7, 0, 24, 1),
(7, 0, 25, 1),
(7, 0, 26, 1),
(7, 0, 27, 1),
(7, 0, 28, 1),
(7, 0, 29, 1),
(7, 0, 30, 1),
(7, 0, 31, 1),
(7, 0, 32, 1),
(7, 0, 33, 1),
(7, 0, 34, 1),
(7, 0, 35, 1),
(7, 0, 36, 1),
(7, 0, 37, 1),
(7, 0, 38, 1),
(7, 0, 39, 1),
(7, 0, 40, 1),
(7, 0, 41, 1),
(7, 0, 42, 1),
(7, 0, 43, 1),
(7, 0, 44, 1),
(7, 0, 45, 1),
(7, 0, 46, 1),
(7, 0, 47, 1),
(7, 0, 48, 1),
(7, 0, 49, 1),
(7, 0, 50, 1),
(7, 0, 51, 1),
(7, 0, 52, 1),
(7, 0, 53, 1),
(7, 0, 54, 1),
(7, 0, 55, 1),
(7, 0, 56, 1),
(7, 0, 57, 1),
(7, 0, 58, 1),
(7, 0, 59, 1),
(7, 0, 60, 1),
(8, 0, 0, 1),
(8, 0, 1, 1),
(8, 0, 2, 1),
(8, 0, 3, 1),
(8, 0, 4, 1),
(8, 0, 5, 1),
(8, 0, 6, 1),
(8, 0, 7, 1),
(8, 0, 8, 1),
(8, 0, 9, 1),
(8, 0, 10, 1),
(8, 0, 11, 1),
(8, 0, 12, 1),
(8, 0, 13, 1),
(8, 0, 14, 1),
(8, 0, 15, 1),
(8, 0, 16, 1),
(8, 0, 17, 1),
(8, 0, 18, 1),
(8, 0, 19, 1),
(8, 0, 20, 1),
(8, 0, 21, 1),
(8, 0, 22, 1),
(8, 0, 23, 1),
(8, 0, 24, 1),
(8, 0, 25, 1),
(8, 0, 26, 1),
(8, 0, 27, 1),
(8, 0, 28, 1),
(8, 0, 29, 1),
(8, 0, 30, 1),
(8, 0, 31, 1),
(8, 0, 32, 1),
(8, 0, 33, 1),
(8, 0, 34, 1),
(8, 0, 35, 1),
(8, 0, 36, 1),
(8, 0, 37, 1),
(8, 0, 38, 1),
(8, 0, 39, 1),
(8, 0, 40, 1),
(8, 0, 41, 1),
(8, 0, 42, 1),
(8, 0, 43, 1),
(8, 0, 44, 1),
(8, 0, 45, 1),
(8, 0, 46, 1),
(8, 0, 47, 1),
(8, 0, 48, 1),
(8, 0, 49, 1),
(8, 0, 50, 1),
(8, 0, 51, 1),
(8, 0, 52, 1),
(8, 0, 53, 1),
(8, 0, 54, 1),
(8, 0, 55, 1),
(8, 0, 56, 1),
(8, 0, 57, 1),
(8, 0, 58, 1),
(8, 0, 59, 1),
(8, 0, 60, 1),
(9, 0, 0, 1),
(9, 0, 1, 1),
(9, 0, 2, 1),
(9, 0, 3, 1),
(9, 0, 4, 1),
(9, 0, 5, 1),
(9, 0, 6, 1),
(9, 0, 7, 1),
(9, 0, 8, 1),
(9, 0, 9, 1),
(9, 0, 10, 1),
(9, 0, 11, 1),
(9, 0, 12, 1),
(9, 0, 13, 1),
(9, 0, 14, 1),
(9, 0, 15, 1),
(9, 0, 16, 1),
(9, 0, 17, 1),
(9, 0, 18, 1),
(9, 0, 19, 1),
(9, 0, 20, 1),
(9, 0, 21, 1),
(9, 0, 22, 1),
(9, 0, 23, 1),
(9, 0, 24, 1),
(9, 0, 25, 1),
(9, 0, 26, 1),
(9, 0, 27, 1),
(9, 0, 28, 1),
(9, 0, 29, 1),
(9, 0, 30, 1),
(9, 0, 31, 1),
(9, 0, 32, 1),
(9, 0, 33, 1),
(9, 0, 34, 1),
(9, 0, 35, 1),
(9, 0, 36, 1),
(9, 0, 37, 1),
(9, 0, 38, 1),
(9, 0, 39, 1),
(9, 0, 40, 1),
(9, 0, 41, 1),
(9, 0, 42, 1),
(9, 0, 43, 1),
(9, 0, 44, 1),
(9, 0, 45, 1),
(9, 0, 46, 1),
(9, 0, 47, 1),
(9, 0, 48, 1),
(9, 0, 49, 1),
(9, 0, 50, 1),
(9, 0, 51, 1),
(9, 0, 52, 1),
(9, 0, 53, 1),
(9, 0, 54, 1),
(9, 0, 55, 1),
(9, 0, 56, 1),
(9, 0, 57, 1),
(9, 0, 58, 1),
(9, 0, 59, 1),
(9, 0, 60, 1),
(10, 0, 0, 1),
(10, 0, 1, 1),
(10, 0, 2, 1),
(10, 0, 3, 1),
(10, 0, 4, 1),
(10, 0, 5, 1),
(10, 0, 6, 1),
(10, 0, 7, 1),
(10, 0, 8, 1),
(10, 0, 9, 1),
(10, 0, 10, 1),
(10, 0, 11, 1),
(10, 0, 12, 1),
(10, 0, 13, 1),
(10, 0, 14, 1),
(10, 0, 15, 1),
(10, 0, 16, 1),
(10, 0, 17, 1),
(10, 0, 18, 1),
(10, 0, 19, 1),
(10, 0, 20, 1),
(10, 0, 21, 1),
(10, 0, 22, 1),
(10, 0, 23, 1),
(10, 0, 24, 1),
(10, 0, 25, 1),
(10, 0, 26, 1),
(10, 0, 27, 1),
(10, 0, 28, 1),
(10, 0, 29, 1),
(10, 0, 30, 1),
(10, 0, 31, 1),
(10, 0, 32, 1),
(10, 0, 33, 1),
(10, 0, 34, 1),
(10, 0, 35, 1),
(10, 0, 36, 1),
(10, 0, 37, 1),
(10, 0, 38, 1),
(10, 0, 39, 1),
(10, 0, 40, 1),
(10, 0, 41, 1),
(10, 0, 42, 1),
(10, 0, 43, 1),
(10, 0, 44, 1),
(10, 0, 45, 1),
(10, 0, 46, 1),
(10, 0, 47, 1),
(10, 0, 48, 1),
(10, 0, 49, 1),
(10, 0, 50, 1),
(10, 0, 51, 1),
(10, 0, 52, 1),
(10, 0, 53, 1),
(10, 0, 54, 1),
(10, 0, 55, 1),
(10, 0, 56, 1),
(10, 0, 57, 1),
(10, 0, 58, 1),
(10, 0, 59, 1),
(10, 0, 60, 1),
(11, 0, 0, 1),
(11, 0, 1, 1),
(11, 0, 2, 1),
(11, 0, 3, 1),
(11, 0, 4, 1),
(11, 0, 5, 1),
(11, 0, 6, 1),
(11, 0, 7, 1),
(11, 0, 8, 1),
(11, 0, 9, 1),
(11, 0, 10, 1),
(11, 0, 11, 1),
(11, 0, 12, 1),
(11, 0, 13, 1),
(11, 0, 14, 1),
(11, 0, 15, 1),
(11, 0, 16, 1),
(11, 0, 17, 1),
(11, 0, 18, 1),
(11, 0, 19, 1),
(11, 0, 20, 1),
(11, 0, 21, 1),
(11, 0, 22, 1),
(11, 0, 23, 1),
(11, 0, 24, 1),
(11, 135, 25, 0),
(11, 0, 26, 1),
(11, 0, 27, 1),
(11, 0, 28, 1),
(11, 0, 29, 1),
(11, 0, 30, 1),
(11, 0, 31, 1),
(11, 0, 32, 1),
(11, 0, 33, 1),
(11, 0, 34, 1),
(11, 0, 35, 1),
(11, 0, 36, 1),
(11, 0, 37, 1),
(11, 0, 38, 1),
(11, 0, 39, 1),
(11, 0, 40, 1),
(11, 0, 41, 1),
(11, 0, 42, 1),
(11, 0, 43, 1),
(11, 0, 44, 1),
(11, 0, 45, 1),
(11, 0, 46, 1),
(11, 0, 47, 1),
(11, 0, 48, 1),
(11, 0, 49, 1),
(11, 0, 50, 1),
(11, 0, 51, 1),
(11, 0, 52, 1),
(11, 0, 53, 1),
(11, 0, 54, 1),
(11, 0, 55, 1),
(11, 0, 56, 1),
(11, 0, 57, 1),
(11, 0, 58, 1),
(11, 0, 59, 1),
(11, 0, 60, 1),
(12, 0, 0, 1),
(12, 0, 1, 1),
(12, 0, 2, 1),
(12, 0, 3, 1),
(12, 0, 4, 1),
(12, 0, 5, 1),
(12, 0, 6, 1),
(12, 0, 7, 1),
(12, 0, 8, 1),
(12, 0, 9, 1),
(12, 0, 10, 1),
(12, 0, 11, 1),
(12, 0, 12, 1),
(12, 0, 13, 1),
(12, 0, 14, 1),
(12, 0, 15, 1),
(12, 0, 16, 1),
(12, 0, 17, 1),
(12, 0, 18, 1),
(12, 0, 19, 1),
(12, 0, 20, 1),
(12, 0, 21, 1),
(12, 0, 22, 1),
(12, 0, 23, 1),
(12, 0, 24, 1),
(12, 135, 25, 0),
(12, 0, 26, 1),
(12, 0, 27, 1),
(12, 0, 28, 1),
(12, 0, 29, 1),
(12, 0, 30, 1),
(12, 0, 31, 1),
(12, 0, 32, 1),
(12, 0, 33, 1),
(12, 0, 34, 1),
(12, 0, 35, 1),
(12, 0, 36, 1),
(12, 0, 37, 1),
(12, 0, 38, 1),
(12, 0, 39, 1),
(12, 0, 40, 1),
(12, 0, 41, 1),
(12, 0, 42, 1),
(12, 0, 43, 1),
(12, 0, 44, 1),
(12, 0, 45, 1),
(12, 0, 46, 1),
(12, 0, 47, 1),
(12, 0, 48, 1),
(12, 0, 49, 1),
(12, 0, 50, 1),
(12, 0, 51, 1),
(12, 0, 52, 1),
(12, 0, 53, 1),
(12, 0, 54, 1),
(12, 0, 55, 1),
(12, 0, 56, 1),
(12, 0, 57, 1),
(12, 0, 58, 1),
(12, 0, 59, 1),
(12, 0, 60, 1),
(13, 0, 0, 1),
(13, 0, 1, 1),
(13, 0, 2, 1),
(13, 0, 3, 1),
(13, 0, 4, 1),
(13, 0, 5, 1),
(13, 0, 6, 1),
(13, 0, 7, 1),
(13, 0, 8, 1),
(13, 0, 9, 1),
(13, 0, 10, 1),
(13, 0, 11, 1),
(13, 0, 12, 1),
(13, 0, 13, 1),
(13, 0, 14, 1),
(13, 0, 15, 1),
(13, 0, 16, 1),
(13, 0, 17, 1),
(13, 0, 18, 1),
(13, 0, 19, 1),
(13, 0, 20, 1),
(13, 0, 21, 1),
(13, 0, 22, 1),
(13, 0, 23, 1),
(13, 0, 24, 1),
(13, 0, 25, 1),
(13, 0, 26, 1),
(13, 0, 27, 1),
(13, 0, 28, 1),
(13, 0, 29, 1),
(13, 0, 30, 1),
(13, 0, 31, 1),
(13, 0, 32, 1),
(13, 0, 33, 1),
(13, 0, 34, 1),
(13, 0, 35, 1),
(13, 0, 36, 1),
(13, 0, 37, 1),
(13, 0, 38, 1),
(13, 0, 39, 1),
(13, 0, 40, 1),
(13, 0, 41, 1),
(13, 0, 42, 1),
(13, 0, 43, 1),
(13, 0, 44, 1),
(13, 0, 45, 1),
(13, 0, 46, 1),
(13, 0, 47, 1),
(13, 0, 48, 1),
(13, 0, 49, 1),
(13, 0, 50, 1),
(13, 0, 51, 1),
(13, 0, 52, 1),
(13, 0, 53, 1),
(13, 0, 54, 1),
(13, 0, 55, 1),
(13, 0, 56, 1),
(13, 0, 57, 1),
(13, 0, 58, 1),
(13, 0, 59, 1),
(13, 0, 60, 1),
(14, 0, 0, 1),
(14, 0, 1, 1),
(14, 0, 2, 1),
(14, 0, 3, 1),
(14, 0, 4, 1),
(14, 0, 5, 1),
(14, 0, 6, 1),
(14, 0, 7, 1),
(14, 0, 8, 1),
(14, 0, 9, 1),
(14, 0, 10, 1),
(14, 0, 11, 1),
(14, 0, 12, 1),
(14, 0, 13, 1),
(14, 0, 14, 1),
(14, 0, 15, 1),
(14, 0, 16, 1),
(14, 0, 17, 1),
(14, 0, 18, 1),
(14, 0, 19, 1),
(14, 0, 20, 1),
(14, 0, 21, 1),
(14, 0, 22, 1),
(14, 0, 23, 1),
(14, 0, 24, 1),
(14, 0, 25, 1),
(14, 0, 26, 1),
(14, 0, 27, 1),
(14, 0, 28, 1),
(14, 0, 29, 1),
(14, 0, 30, 1),
(14, 0, 31, 1),
(14, 0, 32, 1),
(14, 0, 33, 1),
(14, 0, 34, 1),
(14, 0, 35, 1),
(14, 0, 36, 1),
(14, 0, 37, 1),
(14, 0, 38, 1),
(14, 0, 39, 1),
(14, 0, 40, 1),
(14, 0, 41, 1),
(14, 0, 42, 1),
(14, 0, 43, 1),
(14, 0, 44, 1),
(14, 0, 45, 1),
(14, 0, 46, 1),
(14, 0, 47, 1),
(14, 0, 48, 1),
(14, 0, 49, 1),
(14, 0, 50, 1),
(14, 0, 51, 1),
(14, 0, 52, 1),
(14, 0, 53, 1),
(14, 0, 54, 1),
(14, 0, 55, 1),
(14, 0, 56, 1),
(14, 0, 57, 1),
(14, 0, 58, 1),
(14, 0, 59, 1),
(14, 0, 60, 1),
(15, 0, 0, 1),
(15, 0, 1, 1),
(15, 0, 2, 1),
(15, 0, 3, 1),
(15, 0, 4, 1),
(15, 0, 5, 1),
(15, 0, 6, 1),
(15, 0, 7, 1),
(15, 0, 8, 1),
(15, 0, 9, 1),
(15, 0, 10, 1),
(15, 0, 11, 1),
(15, 0, 12, 1),
(15, 0, 13, 1),
(15, 0, 14, 1),
(15, 0, 15, 1),
(15, 0, 16, 1),
(15, 0, 17, 1),
(15, 0, 18, 1),
(15, 0, 19, 1),
(15, 0, 20, 1),
(15, 0, 21, 1),
(15, 0, 22, 1),
(15, 0, 23, 1),
(15, 0, 24, 1),
(15, 0, 25, 1),
(15, 0, 26, 1),
(15, 0, 27, 1),
(15, 0, 28, 1),
(15, 0, 29, 1),
(15, 0, 30, 1),
(15, 0, 31, 1),
(15, 0, 32, 1),
(15, 0, 33, 1),
(15, 0, 34, 1),
(15, 0, 35, 1),
(15, 0, 36, 1),
(15, 0, 37, 1),
(15, 0, 38, 1),
(15, 0, 39, 1),
(15, 0, 40, 1),
(15, 0, 41, 1),
(15, 0, 42, 1),
(15, 0, 43, 1),
(15, 0, 44, 1),
(15, 0, 45, 1),
(15, 0, 46, 1),
(15, 0, 47, 1),
(15, 0, 48, 1),
(15, 0, 49, 1),
(15, 0, 50, 1),
(15, 0, 51, 1),
(15, 0, 52, 1),
(15, 0, 53, 1),
(15, 0, 54, 1),
(15, 0, 55, 1),
(15, 0, 56, 1),
(15, 0, 57, 1),
(15, 0, 58, 1),
(15, 0, 59, 1),
(15, 0, 60, 1),
(16, 0, 0, 1),
(16, 0, 1, 1),
(16, 0, 2, 1),
(16, 0, 3, 1),
(16, 0, 4, 1),
(16, 0, 5, 1),
(16, 0, 6, 1),
(16, 0, 7, 1),
(16, 0, 8, 1),
(16, 0, 9, 1),
(16, 0, 10, 1),
(16, 0, 11, 1),
(16, 0, 12, 1),
(16, 0, 13, 1),
(16, 0, 14, 1),
(16, 0, 15, 1),
(16, 0, 16, 1),
(16, 0, 17, 1),
(16, 0, 18, 1),
(16, 0, 19, 1),
(16, 0, 20, 1),
(16, 0, 21, 1),
(16, 0, 22, 1),
(16, 0, 23, 1),
(16, 0, 24, 1),
(16, 0, 25, 1),
(16, 0, 26, 1),
(16, 0, 27, 1),
(16, 0, 28, 1),
(16, 0, 29, 1),
(16, 0, 30, 1),
(16, 0, 31, 1),
(16, 0, 32, 1),
(16, 0, 33, 1),
(16, 0, 34, 1),
(16, 0, 35, 1),
(16, 0, 36, 1),
(16, 0, 37, 1),
(16, 0, 38, 1),
(16, 0, 39, 1),
(16, 0, 40, 1),
(16, 0, 41, 1),
(16, 0, 42, 1),
(16, 0, 43, 1),
(16, 0, 44, 1),
(16, 0, 45, 1),
(16, 0, 46, 1),
(16, 0, 47, 1),
(16, 0, 48, 1),
(16, 0, 49, 1),
(16, 0, 50, 1),
(16, 0, 51, 1),
(16, 0, 52, 1),
(16, 0, 53, 1),
(16, 0, 54, 1),
(16, 0, 55, 1),
(16, 0, 56, 1),
(16, 0, 57, 1),
(16, 0, 58, 1),
(16, 0, 59, 1),
(16, 0, 60, 1),
(17, 0, 0, 1),
(17, 0, 1, 1),
(17, 0, 2, 1),
(17, 0, 3, 1),
(17, 0, 4, 1),
(17, 0, 5, 1),
(17, 0, 6, 1),
(17, 0, 7, 1),
(17, 0, 8, 1),
(17, 0, 9, 1),
(17, 0, 10, 1),
(17, 0, 11, 1),
(17, 0, 12, 1),
(17, 0, 13, 1),
(17, 0, 14, 1),
(17, 0, 15, 1),
(17, 0, 16, 1),
(17, 0, 17, 1),
(17, 0, 18, 1),
(17, 0, 19, 1),
(17, 0, 20, 1),
(17, 0, 21, 1),
(17, 0, 22, 1),
(17, 0, 23, 1),
(17, 0, 24, 1),
(17, 0, 25, 1),
(17, 0, 26, 1),
(17, 0, 27, 1),
(17, 0, 28, 1),
(17, 0, 29, 1),
(17, 0, 30, 1),
(17, 0, 31, 1),
(17, 0, 32, 1),
(17, 0, 33, 1),
(17, 0, 34, 1),
(17, 0, 35, 1),
(17, 0, 36, 1),
(17, 0, 37, 1),
(17, 0, 38, 1),
(17, 0, 39, 1),
(17, 0, 40, 1),
(17, 0, 41, 1),
(17, 0, 42, 1),
(17, 0, 43, 1),
(17, 0, 44, 1),
(17, 0, 45, 1),
(17, 0, 46, 1),
(17, 0, 47, 1),
(17, 0, 48, 1),
(17, 0, 49, 1),
(17, 0, 50, 1),
(17, 0, 51, 1),
(17, 0, 52, 1),
(17, 0, 53, 1),
(17, 0, 54, 1),
(17, 0, 55, 1),
(17, 0, 56, 1),
(17, 0, 57, 1),
(17, 0, 58, 1),
(17, 0, 59, 1),
(17, 0, 60, 1),
(18, 0, 0, 1),
(18, 0, 1, 1),
(18, 0, 2, 1),
(18, 0, 3, 1),
(18, 0, 4, 1),
(18, 0, 5, 1),
(18, 0, 6, 1),
(18, 0, 7, 1),
(18, 0, 8, 1),
(18, 0, 9, 1),
(18, 0, 10, 1),
(18, 0, 11, 1),
(18, 0, 12, 1),
(18, 0, 13, 1),
(18, 0, 14, 1),
(18, 0, 15, 1),
(18, 0, 16, 1),
(18, 0, 17, 1),
(18, 0, 18, 1),
(18, 0, 19, 1),
(18, 0, 20, 1),
(18, 0, 21, 1),
(18, 0, 22, 1),
(18, 0, 23, 1),
(18, 0, 24, 1),
(18, 0, 25, 1),
(18, 0, 26, 1),
(18, 0, 27, 1),
(18, 0, 28, 1),
(18, 0, 29, 1),
(18, 0, 30, 1),
(18, 0, 31, 1),
(18, 0, 32, 1),
(18, 0, 33, 1),
(18, 0, 34, 1),
(18, 0, 35, 1),
(18, 0, 36, 1),
(18, 0, 37, 1),
(18, 0, 38, 1),
(18, 0, 39, 1),
(18, 0, 40, 1),
(18, 0, 41, 1),
(18, 0, 42, 1),
(18, 0, 43, 1),
(18, 0, 44, 1),
(18, 0, 45, 1),
(18, 0, 46, 1),
(18, 0, 47, 1),
(18, 0, 48, 1),
(18, 0, 49, 1),
(18, 0, 50, 1),
(18, 0, 51, 1),
(18, 0, 52, 1),
(18, 0, 53, 1),
(18, 0, 54, 1),
(18, 0, 55, 1),
(18, 0, 56, 1),
(18, 0, 57, 1),
(18, 0, 58, 1),
(18, 0, 59, 1),
(18, 0, 60, 1),
(19, 0, 0, 1),
(19, 0, 1, 1),
(19, 0, 2, 1),
(19, 0, 3, 1),
(19, 0, 4, 1),
(19, 0, 5, 1),
(19, 0, 6, 1),
(19, 0, 7, 1),
(19, 0, 8, 1),
(19, 0, 9, 1),
(19, 0, 10, 1),
(19, 0, 11, 1),
(19, 0, 12, 1),
(19, 0, 13, 1),
(19, 0, 14, 1),
(19, 0, 15, 1),
(19, 0, 16, 1),
(19, 0, 17, 1),
(19, 0, 18, 1),
(19, 0, 19, 1),
(19, 0, 20, 1),
(19, 0, 21, 1),
(19, 0, 22, 1),
(19, 0, 23, 1),
(19, 0, 24, 1),
(19, 0, 25, 1),
(19, 0, 26, 1),
(19, 0, 27, 1),
(19, 0, 28, 1),
(19, 0, 29, 1),
(19, 0, 30, 1),
(19, 0, 31, 1),
(19, 0, 32, 1),
(19, 0, 33, 1),
(19, 0, 34, 1),
(19, 0, 35, 1),
(19, 0, 36, 1),
(19, 0, 37, 1),
(19, 0, 38, 1),
(19, 0, 39, 1),
(19, 0, 40, 1),
(19, 0, 41, 1),
(19, 0, 42, 1),
(19, 0, 43, 1),
(19, 0, 44, 1),
(19, 0, 45, 1),
(19, 0, 46, 1),
(19, 0, 47, 1),
(19, 0, 48, 1),
(19, 0, 49, 1),
(19, 0, 50, 1),
(19, 0, 51, 1),
(19, 0, 52, 1),
(19, 0, 53, 1),
(19, 0, 54, 1),
(19, 0, 55, 1),
(19, 0, 56, 1),
(19, 0, 57, 1),
(19, 0, 58, 1),
(19, 0, 59, 1),
(19, 0, 60, 1),
(20, 0, 0, 1),
(20, 0, 1, 1),
(20, 0, 2, 1),
(20, 0, 3, 1),
(20, 0, 4, 1),
(20, 0, 5, 1),
(20, 0, 6, 1),
(20, 0, 7, 1),
(20, 0, 8, 1),
(20, 0, 9, 1),
(20, 0, 10, 1),
(20, 0, 11, 1),
(20, 0, 12, 1),
(20, 0, 13, 1),
(20, 0, 14, 1),
(20, 0, 15, 1),
(20, 0, 16, 1),
(20, 0, 17, 1),
(20, 0, 18, 1),
(20, 0, 19, 1),
(20, 0, 20, 1),
(20, 0, 21, 1),
(20, 0, 22, 1),
(20, 0, 23, 1),
(20, 0, 24, 1),
(20, 0, 25, 1),
(20, 0, 26, 1),
(20, 0, 27, 1),
(20, 0, 28, 1),
(20, 0, 29, 1),
(20, 0, 30, 1),
(20, 0, 31, 1),
(20, 0, 32, 1),
(20, 0, 33, 1),
(20, 0, 34, 1),
(20, 0, 35, 1),
(20, 0, 36, 1),
(20, 0, 37, 1),
(20, 0, 38, 1),
(20, 0, 39, 1),
(20, 0, 40, 1),
(20, 0, 41, 1),
(20, 0, 42, 1),
(20, 0, 43, 1),
(20, 0, 44, 1),
(20, 0, 45, 1),
(20, 0, 46, 1),
(20, 0, 47, 1),
(20, 0, 48, 1),
(20, 0, 49, 1),
(20, 0, 50, 1),
(20, 0, 51, 1),
(20, 0, 52, 1),
(20, 0, 53, 1),
(20, 0, 54, 1),
(20, 0, 55, 1),
(20, 0, 56, 1),
(20, 0, 57, 1),
(20, 0, 58, 1),
(20, 0, 59, 1),
(20, 0, 60, 1),
(21, 0, 0, 1),
(21, 0, 1, 1),
(21, 0, 2, 1),
(21, 0, 3, 1),
(21, 0, 4, 1),
(21, 0, 5, 1),
(21, 0, 6, 1),
(21, 0, 7, 1),
(21, 0, 8, 1),
(21, 0, 9, 1),
(21, 0, 10, 1),
(21, 0, 11, 1),
(21, 0, 12, 1),
(21, 0, 13, 1),
(21, 0, 14, 1),
(21, 0, 15, 1),
(21, 0, 16, 1),
(21, 0, 17, 1),
(21, 0, 18, 1),
(21, 0, 19, 1),
(21, 0, 20, 1),
(21, 0, 21, 1),
(21, 0, 22, 1),
(21, 0, 23, 1),
(21, 0, 24, 1),
(21, 0, 25, 1),
(21, 0, 26, 1),
(21, 0, 27, 1),
(21, 0, 28, 1),
(21, 0, 29, 1),
(21, 0, 30, 1),
(21, 0, 31, 1),
(21, 0, 32, 1),
(21, 0, 33, 1),
(21, 0, 34, 1),
(21, 0, 35, 1),
(21, 0, 36, 1),
(21, 0, 37, 1),
(21, 0, 38, 1),
(21, 0, 39, 1),
(21, 0, 40, 1),
(21, 0, 41, 1),
(21, 0, 42, 1),
(21, 0, 43, 1),
(21, 0, 44, 1),
(21, 0, 45, 1),
(21, 0, 46, 1),
(21, 0, 47, 1),
(21, 0, 48, 1),
(21, 0, 49, 1),
(21, 0, 50, 1),
(21, 0, 51, 1),
(21, 0, 52, 1),
(21, 0, 53, 1),
(21, 0, 54, 1),
(21, 0, 55, 1),
(21, 0, 56, 1),
(21, 0, 57, 1),
(21, 0, 58, 1),
(21, 0, 59, 1),
(21, 0, 60, 1),
(22, 0, 0, 1),
(22, 0, 1, 1),
(22, 0, 2, 1),
(22, 0, 3, 1),
(22, 0, 4, 1),
(22, 0, 5, 1),
(22, 0, 6, 1),
(22, 0, 7, 1),
(22, 0, 8, 1),
(22, 0, 9, 1),
(22, 0, 10, 1),
(22, 0, 11, 1),
(22, 0, 12, 1),
(22, 0, 13, 1),
(22, 0, 14, 1),
(22, 0, 15, 1),
(22, 0, 16, 1),
(22, 0, 17, 1),
(22, 0, 18, 1),
(22, 0, 19, 1),
(22, 0, 20, 1),
(22, 0, 21, 1),
(22, 0, 22, 1),
(22, 0, 23, 1),
(22, 0, 24, 1),
(22, 0, 25, 1),
(22, 0, 26, 1),
(22, 0, 27, 1),
(22, 0, 28, 1),
(22, 0, 29, 1),
(22, 0, 30, 1),
(22, 0, 31, 1),
(22, 0, 32, 1),
(22, 0, 33, 1),
(22, 0, 34, 1),
(22, 0, 35, 1),
(22, 0, 36, 1),
(22, 0, 37, 1),
(22, 0, 38, 1),
(22, 0, 39, 1),
(22, 0, 40, 1),
(22, 0, 41, 1),
(22, 0, 42, 1),
(22, 0, 43, 1),
(22, 0, 44, 1),
(22, 0, 45, 1),
(22, 0, 46, 1),
(22, 0, 47, 1),
(22, 0, 48, 1),
(22, 0, 49, 1),
(22, 0, 50, 1),
(22, 0, 51, 1),
(22, 0, 52, 1),
(22, 0, 53, 1),
(22, 0, 54, 1),
(22, 0, 55, 1),
(22, 0, 56, 1),
(22, 0, 57, 1),
(22, 0, 58, 1),
(22, 0, 59, 1),
(22, 0, 60, 1),
(23, 0, 0, 1),
(23, 0, 1, 1),
(23, 0, 2, 1),
(23, 0, 3, 1),
(23, 0, 4, 1),
(23, 0, 5, 1),
(23, 0, 6, 1),
(23, 0, 7, 1),
(23, 0, 8, 1),
(23, 0, 9, 1),
(23, 0, 10, 1),
(23, 0, 11, 1),
(23, 0, 12, 1),
(23, 0, 13, 1),
(23, 0, 14, 1),
(23, 0, 15, 1),
(23, 0, 16, 1),
(23, 0, 17, 1),
(23, 0, 18, 1),
(23, 0, 19, 1),
(23, 0, 20, 1),
(23, 0, 21, 1),
(23, 0, 22, 1),
(23, 0, 23, 1),
(23, 0, 24, 1),
(23, 0, 25, 1),
(23, 0, 26, 1),
(23, 0, 27, 1),
(23, 0, 28, 1),
(23, 0, 29, 1),
(23, 0, 30, 1),
(23, 0, 31, 1),
(23, 0, 32, 1),
(23, 0, 33, 1),
(23, 0, 34, 1),
(23, 0, 35, 1),
(23, 0, 36, 1),
(23, 0, 37, 1),
(23, 0, 38, 1),
(23, 0, 39, 1),
(23, 0, 40, 1),
(23, 0, 41, 1),
(23, 0, 42, 1),
(23, 0, 43, 1),
(23, 0, 44, 1),
(23, 0, 45, 1),
(23, 0, 46, 1),
(23, 0, 47, 1),
(23, 0, 48, 1),
(23, 0, 49, 1),
(23, 0, 50, 1),
(23, 0, 51, 1),
(23, 0, 52, 1),
(23, 0, 53, 1),
(23, 0, 54, 1),
(23, 0, 55, 1),
(23, 0, 56, 1),
(23, 0, 57, 1),
(23, 0, 58, 1),
(23, 0, 59, 1),
(23, 0, 60, 1),
(24, 0, 0, 1),
(24, 0, 1, 1),
(24, 0, 2, 1),
(24, 0, 3, 1),
(24, 0, 4, 1),
(24, 0, 5, 1),
(24, 0, 6, 1),
(24, 0, 7, 1),
(24, 0, 8, 1),
(24, 0, 9, 1),
(24, 0, 10, 1),
(24, 0, 11, 1),
(24, 0, 12, 1),
(24, 0, 13, 1),
(24, 0, 14, 1),
(24, 0, 15, 1),
(24, 0, 16, 1),
(24, 0, 17, 1),
(24, 0, 18, 1),
(24, 0, 19, 1),
(24, 0, 20, 1),
(24, 0, 21, 1),
(24, 0, 22, 1),
(24, 0, 23, 1),
(24, 0, 24, 1),
(24, 0, 25, 1),
(24, 0, 26, 1),
(24, 0, 27, 1),
(24, 0, 28, 1),
(24, 0, 29, 1),
(24, 0, 30, 1),
(24, 0, 31, 1),
(24, 0, 32, 1),
(24, 0, 33, 1),
(24, 0, 34, 1),
(24, 0, 35, 1),
(24, 0, 36, 1),
(24, 0, 37, 1),
(24, 0, 38, 1),
(24, 0, 39, 1),
(24, 0, 40, 1),
(24, 0, 41, 1),
(24, 0, 42, 1),
(24, 0, 43, 1),
(24, 0, 44, 1),
(24, 0, 45, 1),
(24, 0, 46, 1),
(24, 0, 47, 1),
(24, 0, 48, 1),
(24, 0, 49, 1),
(24, 0, 50, 1),
(24, 0, 51, 1),
(24, 0, 52, 1),
(24, 0, 53, 1),
(24, 0, 54, 1),
(24, 0, 55, 1),
(24, 0, 56, 1),
(24, 0, 57, 1),
(24, 0, 58, 1),
(24, 0, 59, 1),
(24, 0, 60, 1),
(25, 0, 0, 1),
(25, 0, 1, 1),
(25, 0, 2, 1),
(25, 0, 3, 1),
(25, 0, 4, 1),
(25, 0, 5, 1),
(25, 0, 6, 1),
(25, 0, 7, 1),
(25, 0, 8, 1),
(25, 0, 9, 1),
(25, 0, 10, 1),
(25, 0, 11, 1),
(25, 0, 12, 1),
(25, 0, 13, 1),
(25, 0, 14, 1),
(25, 0, 15, 1),
(25, 0, 16, 1),
(25, 0, 17, 1),
(25, 0, 18, 1),
(25, 0, 19, 1),
(25, 0, 20, 1),
(25, 0, 21, 1),
(25, 0, 22, 1),
(25, 0, 23, 1),
(25, 0, 24, 1),
(25, 0, 25, 1),
(25, 0, 26, 1),
(25, 0, 27, 1),
(25, 0, 28, 1),
(25, 0, 29, 1),
(25, 0, 30, 1),
(25, 0, 31, 1),
(25, 0, 32, 1),
(25, 0, 33, 1),
(25, 0, 34, 1),
(25, 0, 35, 1),
(25, 0, 36, 1),
(25, 0, 37, 1),
(25, 0, 38, 1),
(25, 0, 39, 1),
(25, 0, 40, 1),
(25, 0, 41, 1),
(25, 0, 42, 1),
(25, 0, 43, 1),
(25, 0, 44, 1),
(25, 0, 45, 1),
(25, 0, 46, 1),
(25, 0, 47, 1),
(25, 0, 48, 1),
(25, 0, 49, 1),
(25, 0, 50, 1),
(25, 0, 51, 1),
(25, 0, 52, 1),
(25, 0, 53, 1),
(25, 0, 54, 1),
(25, 0, 55, 1),
(25, 0, 56, 1),
(25, 0, 57, 1),
(25, 0, 58, 1),
(25, 0, 59, 1),
(25, 0, 60, 1);

-- --------------------------------------------------------

--
-- Table structure for table `shows`
--

CREATE TABLE `shows` (
  `showId` int(11) NOT NULL,
  `movieId` varchar(32) NOT NULL,
  `showTiming` datetime DEFAULT NULL,
  `screen` int(11) DEFAULT NULL,
  `price` double DEFAULT NULL,
  `adminId` int(11) DEFAULT NULL
) ENGINE=InnoDB DEFAULT CHARSET=utf8mb4 COLLATE=utf8mb4_general_ci;

--
-- Dumping data for table `shows`
--

INSERT INTO `shows` (`showId`, `movieId`, `showTiming`, `screen`, `price`, `adminId`) VALUES
(0, 'm/100-3:10_to_Yuma', '2024-03-15 01:00:00', 1, 15, 0),
(1, 'm/100-Dark_Water', '2024-03-11 01:00:00', 1, 14, 0),
(2, 'm/100-Dark_Water', '2024-03-12 01:00:00', 1, 14, 0),
(3, 'm/100-Dark_Water', '2024-03-13 01:00:00', 1, 14, 0),
(4, 'm/100-Dark_Water', '2024-03-14 01:00:00', 1, 14, 0),
(5, 'm/100-Dark_Water', '2024-03-11 01:00:00', 2, 14, 0),
(6, 'm/100-Dark_Water', '2024-03-12 01:00:00', 2, 14, 0),
(7, 'm/100-Dark_Water', '2024-03-13 01:00:00', 2, 14, 0),
(8, 'm/100-Dark_Water', '2024-03-14 01:00:00', 2, 14, 0),
(9, 'm/100-Dark_Water', '2024-03-11 01:00:00', 3, 14, 0),
(10, 'm/100-Dark_Water', '2024-03-12 01:00:00', 3, 14, 0),
(11, 'm/100-Dark_Water', '2024-03-13 01:00:00', 3, 14, 0),
(12, 'm/100-Dark_Water', '2024-03-14 01:00:00', 3, 14, 0),
(13, 'm/100-Dark_Water', '2024-03-11 01:00:00', 4, 14, 0),
(14, 'm/100-Dark_Water', '2024-03-12 01:00:00', 4, 14, 0),
(15, 'm/100-Dark_Water', '2024-03-13 01:00:00', 4, 14, 0),
(16, 'm/100-Dark_Water', '2024-03-14 01:00:00', 4, 14, 0),
(17, 'm/100-Dark_Water', '2024-03-11 01:00:00', 5, 14, 0),
(18, 'm/100-Dark_Water', '2024-03-12 01:00:00', 5, 14, 0),
(19, 'm/100-Dark_Water', '2024-03-13 01:00:00', 5, 14, 0),
(20, 'm/100-Dark_Water', '2024-03-14 01:00:00', 5, 14, 0),
(21, 'm/100-Abraham_Lincoln', '2024-03-12 03:00:00', 1, 14, 0),
(22, 'm/100-Abraham_Lincoln', '2024-03-13 03:00:00', 1, 14, 0),
(23, 'm/100-Abraham_Lincoln', '2024-03-14 03:00:00', 1, 14, 0),
(24, 'm/100-Abraham_Lincoln', '2024-03-15 03:00:00', 1, 14, 0),
(25, 'm/100-Abraham_Lincoln', '2024-03-12 03:00:00', 2, 14, 0),
(26, 'm/100-Abraham_Lincoln', '2024-03-13 03:00:00', 2, 14, 0),
(27, 'm/100-Abraham_Lincoln', '2024-03-14 03:00:00', 2, 14, 0),
(28, 'm/100-Abraham_Lincoln', '2024-03-15 03:00:00', 2, 14, 0),
(29, 'm/100-Abraham_Lincoln', '2024-03-12 03:00:00', 3, 14, 0),
(30, 'm/100-Abraham_Lincoln', '2024-03-13 03:00:00', 3, 14, 0),
(31, 'm/100-Abraham_Lincoln', '2024-03-14 03:00:00', 3, 14, 0),
(32, 'm/100-Abraham_Lincoln', '2024-03-15 03:00:00', 3, 14, 0),
(33, 'm/100-Abraham_Lincoln', '2024-03-12 03:00:00', 4, 14, 0),
(34, 'm/100-Abraham_Lincoln', '2024-03-13 03:00:00', 4, 14, 0),
(35, 'm/100-Abraham_Lincoln', '2024-03-14 03:00:00', 4, 14, 0),
(36, 'm/100-Abraham_Lincoln', '2024-03-15 03:00:00', 4, 14, 0),
(37, 'm/100-Abraham_Lincoln', '2024-03-12 03:00:00', 5, 14, 0),
(38, 'm/100-Abraham_Lincoln', '2024-03-13 03:00:00', 5, 14, 0),
(39, 'm/100-Abraham_Lincoln', '2024-03-14 03:00:00', 5, 14, 0),
(40, 'm/100-Abraham_Lincoln', '2024-03-15 03:00:00', 5, 14, 0),
(41, 'm/100-Charly_(A_Heartbeat_Away)', '2024-03-11 05:00:00', 1, 5, 0),
(42, 'm/100-Charly_(A_Heartbeat_Away)', '2024-03-12 05:00:00', 1, 5, 0),
(43, 'm/100-Charly_(A_Heartbeat_Away)', '2024-03-13 05:00:00', 1, 5, 0),
(44, 'm/100-Charly_(A_Heartbeat_Away)', '2024-03-14 05:00:00', 1, 5, 0),
(45, 'm/100-Charly_(A_Heartbeat_Away)', '2024-03-11 05:00:00', 2, 5, 0),
(46, 'm/100-Charly_(A_Heartbeat_Away)', '2024-03-12 05:00:00', 2, 5, 0),
(47, 'm/100-Charly_(A_Heartbeat_Away)', '2024-03-13 05:00:00', 2, 5, 0),
(48, 'm/100-Charly_(A_Heartbeat_Away)', '2024-03-14 05:00:00', 2, 5, 0),
(49, 'm/100-Charly_(A_Heartbeat_Away)', '2024-03-11 05:00:00', 3, 5, 0),
(50, 'm/100-Charly_(A_Heartbeat_Away)', '2024-03-12 05:00:00', 3, 5, 0),
(51, 'm/100-Charly_(A_Heartbeat_Away)', '2024-03-13 05:00:00', 3, 5, 0),
(52, 'm/100-Charly_(A_Heartbeat_Away)', '2024-03-14 05:00:00', 3, 5, 0),
(53, 'm/100-Charly_(A_Heartbeat_Away)', '2024-03-11 05:00:00', 4, 5, 0),
(54, 'm/100-Charly_(A_Heartbeat_Away)', '2024-03-12 05:00:00', 4, 5, 0),
(55, 'm/100-Charly_(A_Heartbeat_Away)', '2024-03-13 05:00:00', 4, 5, 0),
(56, 'm/100-Charly_(A_Heartbeat_Away)', '2024-03-14 05:00:00', 4, 5, 0),
(57, 'm/100-Charly_(A_Heartbeat_Away)', '2024-03-11 05:00:00', 5, 5, 0),
(58, 'm/100-Charly_(A_Heartbeat_Away)', '2024-03-12 05:00:00', 5, 5, 0),
(59, 'm/100-Charly_(A_Heartbeat_Away)', '2024-03-13 05:00:00', 5, 5, 0),
(60, 'm/100-Charly_(A_Heartbeat_Away)', '2024-03-14 05:00:00', 5, 5, 0);

--
-- Triggers `shows`
--
DELIMITER $$
CREATE TRIGGER `SeatAddition` AFTER INSERT ON `shows` FOR EACH ROW BEGIN
	SET @x = 1;
    WHILE @x < 26 DO
    	INSERT INTO seat VALUES (@x, 0, new.showId, 1);
        SET @x = @x + 1;
    END WHILE;
END
$$
DELIMITER ;
DELIMITER $$
CREATE TRIGGER `ShowDeletion` BEFORE DELETE ON `shows` FOR EACH ROW BEGIN
	DECLARE varBookingId INT;
	DECLARE exit_loop BOOLEAN DEFAULT FALSE;

	DECLARE cur CURSOR FOR (SELECT bookingId FROM shows WHERE showTiming > CURRENT_TIME);

    DECLARE CONTINUE HANDLER FOR NOT FOUND SET exit_loop = TRUE;
    
    OPEN cur;
    cloop: LOOP
        FETCH cur INTO varBookingId;
        IF(exit_loop) THEN
            LEAVE cloop;
        END IF;
        DELETE FROM seat WHERE bookingId = varBookingId;
    	DELETE FROM booking WHERE bookingId = varBookingId;
        
    END LOOP cloop;
    CLOSE cur;

    DELETE FROM shows WHERE showTiming > CURRENT_TIME;
END
$$
DELIMITER ;

-- --------------------------------------------------------

--
-- Table structure for table `user`
--

CREATE TABLE `user` (
  `username` varchar(32) NOT NULL,
  `email` varchar(64) NOT NULL,
  `password` varchar(128) NOT NULL
) ENGINE=InnoDB DEFAULT CHARSET=utf8mb4 COLLATE=utf8mb4_general_ci;

--
-- Dumping data for table `user`
--

INSERT INTO `user` (`username`, `email`, `password`) VALUES
('admin', 'admin@gmail.com', '1234'),
('kamal', 'kamal2024@gmail.com', 'kamal'),
('kanthi', 'kanthi2009@gmail.com', 'kanthi'),
('oshada', 'oshada2024@gmail.com', 'test'),
('purna', 'purna2024@gmail.com', 'purna'),
('sunil', 'sunil2002@gmail.com', 'sunil');

--
-- Indexes for dumped tables
--

--
-- Indexes for table `admin`
--
ALTER TABLE `admin`
  ADD PRIMARY KEY (`adminId`),
  ADD KEY `username` (`username`);

--
-- Indexes for table `booking`
--
ALTER TABLE `booking`
  ADD PRIMARY KEY (`bookingId`),
  ADD KEY `username` (`username`),
  ADD KEY `showId` (`showId`);

--
-- Indexes for table `movie`
--
ALTER TABLE `movie`
  ADD PRIMARY KEY (`movieId`),
  ADD KEY `adminId` (`adminId`);

--
-- Indexes for table `seat`
--
ALTER TABLE `seat`
  ADD PRIMARY KEY (`seatId`,`showId`),
  ADD KEY `showId` (`showId`);

--
-- Indexes for table `shows`
--
ALTER TABLE `shows`
  ADD PRIMARY KEY (`showId`),
  ADD KEY `adminId` (`adminId`),
  ADD KEY `movieId` (`movieId`);

--
-- Indexes for table `user`
--
ALTER TABLE `user`
  ADD PRIMARY KEY (`username`);

--
-- Constraints for dumped tables
--

--
-- Constraints for table `admin`
--
ALTER TABLE `admin`
  ADD CONSTRAINT `admin_ibfk_1` FOREIGN KEY (`username`) REFERENCES `user` (`username`);

--
-- Constraints for table `booking`
--
ALTER TABLE `booking`
  ADD CONSTRAINT `booking_ibfk_1` FOREIGN KEY (`username`) REFERENCES `user` (`username`),
  ADD CONSTRAINT `booking_ibfk_2` FOREIGN KEY (`showId`) REFERENCES `shows` (`showId`);

--
-- Constraints for table `movie`
--
ALTER TABLE `movie`
  ADD CONSTRAINT `movie_ibfk_1` FOREIGN KEY (`adminId`) REFERENCES `admin` (`adminId`);

--
-- Constraints for table `seat`
--
ALTER TABLE `seat`
  ADD CONSTRAINT `seat_ibfk_1` FOREIGN KEY (`showId`) REFERENCES `shows` (`showId`);

--
-- Constraints for table `shows`
--
ALTER TABLE `shows`
  ADD CONSTRAINT `shows_ibfk_1` FOREIGN KEY (`adminId`) REFERENCES `admin` (`adminId`) ON DELETE CASCADE,
  ADD CONSTRAINT `shows_ibfk_2` FOREIGN KEY (`movieId`) REFERENCES `movie` (`movieId`);
COMMIT;

/*!40101 SET CHARACTER_SET_CLIENT=@OLD_CHARACTER_SET_CLIENT */;
/*!40101 SET CHARACTER_SET_RESULTS=@OLD_CHARACTER_SET_RESULTS */;
/*!40101 SET COLLATION_CONNECTION=@OLD_COLLATION_CONNECTION */;
